<?xml version="1.0" encoding="utf-8"?>

<instance xmlns="http://www.exelearning.org/content/v0.3" reference="4" version="0.3" xmlns:xsi="http://www.w3.org/2001/XMLSchema-instance" xsi:schemalocation="http://www.exelearning.org/content/v0.3 content.xsd" class="exe.engine.package.Package">
 <dictionary>
  <string role="key" value="_title"></string>
  <unicode value="Gymkhana"></unicode>
  <string role="key" value="idevices"></string>
  <list></list>
  <string role="key" value="_addAccessibilityToolbar"></string>
  <bool value="0"></bool>
  <string role="key" value="_addPagination"></string>
  <bool value="0"></bool>
  <string role="key" value="_addSearchBox"></string>
  <bool value="0"></bool>
  <string role="key" value="_author"></string>
  <unicode value="CEPA"></unicode>
  <string role="key" value="_backgroundImg"></string>
  <unicode value=""></unicode>
  <string role="key" value="_contextMode"></string>
  <unicode value=""></unicode>
  <string role="key" value="_contextPlace"></string>
  <unicode value=""></unicode>
  <string role="key" value="_description"></string>
  <unicode value="Gymkhana interactiva"></unicode>
  <string role="key" value="_docType"></string>
  <unicode value="HTML5"></unicode>
  <string role="key" value="_exportElp"></string>
  <bool value="0"></bool>
  <string role="key" value="_extraHeadContent"></string>
  <unicode value=""></unicode>
  <string role="key" value="_fieldValidationInfo"></string>
  <dictionary>
   <unicode role="key" value="all"></unicode>
   <dictionary>
    <unicode role="key" value="mandatory_fields"></unicode>
    <list>
     <unicode value="pp_title"></unicode>
     <unicode value="pp_lang"></unicode>
     <unicode value="pp_description"></unicode>
     <unicode value="pp_author"></unicode>
     <unicode value="pp_newlicense"></unicode>
    </list>
   </dictionary>
   <unicode role="key" value="procomun"></unicode>
   <dictionary>
    <unicode role="key" value="mandatory_fields"></unicode>
    <list>
     <unicode value="pp_learningResourceType"></unicode>
    </list>
    <unicode role="key" value="values_from_list"></unicode>
    <dictionary>
     <unicode role="key" value="pp_learningResourceType"></unicode>
     <list>
      <unicode value="master class"></unicode>
      <unicode value="closed exercise or problem"></unicode>
      <unicode value="real project"></unicode>
      <unicode value="didactic game"></unicode>
      <unicode value="webquest"></unicode>
      <unicode value="open problem"></unicode>
      <unicode value="simulation"></unicode>
      <unicode value="questionnaire"></unicode>
      <unicode value="conceptual map"></unicode>
     </list>
    </dictionary>
   </dictionary>
  </dictionary>
  <string role="key" value="_intendedEndUserRoleGroup"></string>
  <bool value="0"></bool>
  <string role="key" value="_intendedEndUserRoleTutor"></string>
  <bool value="0"></bool>
  <string role="key" value="_intendedEndUserRoleType"></string>
  <unicode value=""></unicode>
  <string role="key" value="_isChanged"></string>
  <bool value="1"></bool>
  <string role="key" value="_isTemplate"></string>
  <bool value="1"></bool>
  <string role="key" value="_lang"></string>
  <unicode value="es"></unicode>
  <string role="key" value="_learningResourceType"></string>
  <unicode value=""></unicode>
  <string role="key" value="_levelNames"></string>
  <list>
   <unicode value="Tema"></unicode>
   <unicode value="Sección"></unicode>
   <unicode value="Unidad"></unicode>
  </list>
  <string role="key" value="_name"></string>
  <unicode value="newPackage"></unicode>
  <string role="key" value="_nextIdeviceId"></string>
  <int value="2"></int>
  <string role="key" value="_nextNodeId"></string>
  <int value="2"></int>
  <string role="key" value="_nodeIdDict"></string>
  <dictionary>
   <unicode role="key" value="0"></unicode>
   <instance class="exe.engine.node.Node" reference="3">
    <dictionary>
     <string role="key" value="_title"></string>
     <unicode value="Inicio"></unicode>
     <string role="key" value="idevices"></string>
     <list>
      <instance class="exe.engine.freetextidevice.FreeTextIdevice" reference="1">
       <dictionary>
        <string role="key" value="_title"></string>
        <unicode value="Free Text"></unicode>
        <string role="key" value="_author"></string>
        <unicode value="University of Auckland"></unicode>
        <string role="key" value="_purpose"></string>
        <unicode value="The majority of a learning resource will be 
establishing context, delivering instructions and providing general information.
This provides the framework within which the learning activities are built and 
delivered."></unicode>
        <string role="key" value="_tip"></string>
        <string value=""></string>
        <string role="key" value="_typeName"></string>
        <unicode value="Free Text"></unicode>
        <string role="key" value="childs"></string>
        <list></list>
        <string role="key" value="content"></string>
        <instance class="exe.engine.field.TextAreaField" reference="2">
         <dictionary>
          <string role="key" value="_id"></string>
          <int value="239"></int>
          <string role="key" value="_idevice"></string>
          <reference key="1"></reference>
          <string role="key" value="_instruc"></string>
          <unicode value="Use this field to enter text. This 
iDevice has no emphasis applied although limited formatting can be applied to 
text through the text editing buttons associated with the field."></unicode>
          <string role="key" value="_name"></string>
          <unicode value="Free Text"></unicode>
          <string role="key" value="content_w_resourcePaths"></string>
          <string content="true" value="&lt;!DOCTYPE html&gt;\n&lt;html lang=\&quot;es\&quot;&gt;\n&lt;head&gt;\n    &lt;meta charset=\&quot;UTF-8\&quot;&gt;\n    &lt;meta name=\&quot;viewport\&quot; content=\&quot;width=device-width, initial-scale=1.0\&quot;&gt;\n    &lt;title&gt;Gymkhana Tecnol\xc3\xb3gica Aznalc\xc3\xa1zar (Grupo 1): Habilidades TIC&lt;/title&gt;\n    &lt;script src=\&quot;https://cdn.tailwindcss.com\&quot;&gt;&lt;/script&gt;\n    &lt;script src=\&quot;https://unpkg.com/lucide-react@latest/dist/umd/lucide.min.js\&quot;&gt;&lt;/script&gt;\n    &lt;style&gt;\n        body {\n            font-family: \'Inter\', sans-serif; /* Fuente Inter */\n        }\n        .posta-card {\n            transition: all 0.3s ease-in-out;\n        }\n        .interactive-zone {\n            min-height: 100px; /* Espacio para elementos interactivos */\n        }\n        /* Estilos para mensajes de simulaci\xc3\xb3n */\n        .simulation-message {\n            display: none;\n            padding: 8px;\n            margin-top: 8px;\n            border-radius: 6px;\n            background-color: #e0f2fe; /* Tailwind: bg-sky-100 */\n            color: #0c4a6e; /* Tailwind: text-sky-800 */\n            border: 1px solid #7dd3fc; /* Tailwind: border-sky-300 */\n        }\n        /* Estilo para el \&quot;camino\&quot; entre postas */\n        .path-connector {\n            width: 4px;\n            background-color: #cbd5e1; /* Tailwind: bg-slate-300 */\n            margin: 0 auto;\n        }\n        .posta-content {\n            max-height: 0;\n            overflow: hidden;\n            transition: max-height 0.5s ease-out;\n        }\n        .posta-content.open {\n            max-height: 1000px; /* Ajustar seg\xc3\xban el contenido m\xc3\xa1ximo esperado */\n        }\n        /* Estilo para botones interactivos */\n        .interactive-button {\n            background-color: #3b82f6; /* bg-blue-500 */\n            color: white;\n            padding: 8px 16px;\n            border-radius: 8px;\n            cursor: pointer;\n            transition: background-color 0.3s;\n            border: none;\n            font-size: 0.875rem; /* text-sm */\n        }\n        .interactive-button:hover {\n            background-color: #2563eb; /* bg-blue-600 */\n        }\n        .tool-icon {\n            margin-right: 4px;\n        }\n    &lt;/style&gt;\n&lt;/head&gt;\n&lt;body class=\&quot;bg-slate-100 text-slate-800\&quot;&gt;\n\n    &lt;div class=\&quot;container mx-auto p-4 md:p-8\&quot;&gt;\n        &lt;header class=\&quot;text-center mb-10\&quot;&gt;\n            &lt;h1 class=\&quot;text-3xl md:text-4xl font-bold text-indigo-600 mb-2\&quot;&gt;Gymkhana Tecnol\xc3\xb3gica en Aznalc\xc3\xa1zar (Grupo 1)&lt;/h1&gt;\n            &lt;p class=\&quot;text-lg md:text-xl text-slate-700\&quot;&gt;\xc2\xa1Tu Aventura Digital Comienza Aqu\xc3\xad!&lt;/p&gt;\n            &lt;p class=\&quot;mt-4 text-sm text-slate-600\&quot;&gt;Haz clic en cada posta para descubrir las habilidades TIC que vas a dominar.&lt;/p&gt;\n        &lt;/header&gt;\n\n        &lt;div class=\&quot;space-y-4\&quot;&gt;\n            &lt;div class=\&quot;posta-card bg-white p-6 rounded-xl shadow-lg\&quot;&gt;\n                &lt;div class=\&quot;flex justify-between items-center cursor-pointer\&quot; onclick=\&quot;togglePosta(this)\&quot;&gt;\n                    &lt;div class=\&quot;flex items-center\&quot;&gt;\n                        &lt;i data-lucide=\&quot;file-text\&quot; class=\&quot;mr-3 text-indigo-500 h-8 w-8\&quot;&gt;&lt;/i&gt;\n                        &lt;h2 class=\&quot;text-xl font-semibold text-indigo-700\&quot;&gt;Inicio y Prueba 1: Muralla \xe2\x80\x93 El Desaf\xc3\xado del Formulario&lt;/h2&gt;\n                    &lt;/div&gt;\n                    &lt;i data-lucide=\&quot;chevron-down\&quot; class=\&quot;arrow-icon h-6 w-6 text-slate-500\&quot;&gt;&lt;/i&gt;\n                &lt;/div&gt;\n                &lt;div class=\&quot;posta-content mt-4\&quot;&gt;\n                    &lt;p class=\&quot;text-sm text-slate-600 mb-1\&quot;&gt;&lt;strong&gt;Lugar:&lt;/strong&gt; Dirig\xc3\xados con el GPS hacia la muralla por calle Miguel Servet.&lt;/p&gt;\n                    &lt;p class=\&quot;text-md font-medium text-slate-700 mb-1\&quot;&gt;&lt;strong&gt;Habilidad TIC Principal:&lt;/strong&gt; B\xc3\xbasqueda de Informaci\xc3\xb3n y Cumplimentaci\xc3\xb3n de Formularios&lt;/p&gt;\n                    &lt;p class=\&quot;text-sm text-slate-600 mb-2\&quot;&gt;&lt;strong&gt;Aprender\xc3\xa1s a:&lt;/strong&gt;&lt;/p&gt;\n                    &lt;ul class=\&quot;list-disc list-inside text-sm text-slate-600 mb-3 space-y-1\&quot;&gt;\n                        &lt;li&gt;Utilizar el GPS para la navegaci\xc3\xb3n inicial.&lt;/li&gt;\n                        &lt;li&gt;Buscar informaci\xc3\xb3n eficientemente en Internet usando buscadores o IA.&lt;/li&gt;\n                        &lt;li&gt;Rellenar formularios online con las respuestas encontradas.&lt;/li&gt;\n                        &lt;li&gt;Trabajar en equipo para resolver cuestionarios.&lt;/li&gt;\n                    &lt;/ul&gt;\n                    &lt;p class=\&quot;text-sm text-slate-600 mb-1\&quot;&gt;&lt;strong&gt;Herramientas Digitales:&lt;/strong&gt;&lt;/p&gt;\n                    &lt;div class=\&quot;flex flex-wrap items-center gap-2 text-sm text-slate-600 mb-4\&quot;&gt;\n                        &lt;span&gt;&lt;i data-lucide=\&quot;navigation\&quot; class=\&quot;tool-icon\&quot;&gt;&lt;/i&gt;GPS (Google Maps, etc.)&lt;/span&gt;\n                        &lt;span&gt;&lt;i data-lucide=\&quot;search\&quot; class=\&quot;tool-icon\&quot;&gt;&lt;/i&gt;Buscadores (Google, etc.)&lt;/span&gt;\n                        &lt;span&gt;&lt;i data-lucide=\&quot;brain\&quot; class=\&quot;tool-icon\&quot;&gt;&lt;/i&gt;IA (ChatGPT, Gemini)&lt;/span&gt;\n                        &lt;span&gt;&lt;i data-lucide=\&quot;smartphone\&quot; class=\&quot;tool-icon\&quot;&gt;&lt;/i&gt;M\xc3\xb3vil para formularios&lt;/span&gt;\n                    &lt;/div&gt;\n                    &lt;div class=\&quot;interactive-zone bg-slate-50 p-4 rounded-lg\&quot;&gt;\n                        &lt;p class=\&quot;text-sm font-semibold text-slate-700 mb-2\&quot;&gt;\xc2\xa1Ponlo a Prueba!&lt;/p&gt;\n                        &lt;button class=\&quot;interactive-button\&quot; onclick=\&quot;showSimulationMessage(this, \'Formulario del equipo rival abierto. \xc2\xa1A buscar las respuestas para superar las 8 correctas! Pista siguiente: En un parque cercano se encuentra un llavero colgado.\')\&quot;&gt;\n                            &lt;i data-lucide=\&quot;edit\&quot; class=\&quot;inline-block mr-1 h-4 w-4\&quot;&gt;&lt;/i&gt; Simular Abrir y Rellenar Formulario\n                        &lt;/button&gt;\n                        &lt;p class=\&quot;simulation-message\&quot;&gt;&lt;/p&gt;\n                    &lt;/div&gt;\n                &lt;/div&gt;\n            &lt;/div&gt;\n            &lt;div class=\&quot;path-connector h-8\&quot;&gt;&lt;/div&gt;\n\n            &lt;div class=\&quot;posta-card bg-white p-6 rounded-xl shadow-lg\&quot;&gt;\n                &lt;div class=\&quot;flex justify-between items-center cursor-pointer\&quot; onclick=\&quot;togglePosta(this)\&quot;&gt;\n                    &lt;div class=\&quot;flex items-center\&quot;&gt;\n                        &lt;i data-lucide=\&quot;key-round\&quot; class=\&quot;mr-3 text-green-500 h-8 w-8\&quot;&gt;&lt;/i&gt;\n                        &lt;h2 class=\&quot;text-xl font-semibold text-green-700\&quot;&gt;Posta 2: Parque Cerro del Alc\xc3\xa1zar \xe2\x80\x93 El Llavero y la IA Creativa&lt;/h2&gt;\n                    &lt;/div&gt;\n                    &lt;i data-lucide=\&quot;chevron-down\&quot; class=\&quot;arrow-icon h-6 w-6 text-slate-500\&quot;&gt;&lt;/i&gt;\n                &lt;/div&gt;\n                &lt;div class=\&quot;posta-content mt-4\&quot;&gt;\n                    &lt;p class=\&quot;text-md font-medium text-slate-700 mb-1\&quot;&gt;&lt;strong&gt;Habilidad TIC Principal:&lt;/strong&gt; Uso de IA Generativa de Im\xc3\xa1genes y Comunicaci\xc3\xb3n Multimedia&lt;/p&gt;\n                    &lt;p class=\&quot;text-sm text-slate-600 mb-2\&quot;&gt;&lt;strong&gt;Aprender\xc3\xa1s a:&lt;/strong&gt;&lt;/p&gt;\n                    &lt;ul class=\&quot;list-disc list-inside text-sm text-slate-600 mb-3 space-y-1\&quot;&gt;\n                        &lt;li&gt;Encontrar un objeto f\xc3\xadsico siguiendo una pista.&lt;/li&gt;\n                        &lt;li&gt;Adjuntar una foto de un objeto a una IA (ChatGPT, Gemini) para la creaci\xc3\xb3n de im\xc3\xa1genes.&lt;/li&gt;\n                        &lt;li&gt;Especificar par\xc3\xa1metros a la IA para generar una imagen deseada (ej. animal con el llavero).&lt;/li&gt;\n                        &lt;li&gt;Enviar la imagen generada por WhatsApp.&lt;/li&gt;\n                    &lt;/ul&gt;\n                    &lt;p class=\&quot;text-sm text-slate-600 mb-1\&quot;&gt;&lt;strong&gt;Herramientas Digitales:&lt;/strong&gt;&lt;/p&gt;\n                    &lt;div class=\&quot;flex flex-wrap items-center gap-2 text-sm text-slate-600 mb-4\&quot;&gt;\n                        &lt;span&gt;&lt;i data-lucide=\&quot;camera\&quot; class=\&quot;tool-icon\&quot;&gt;&lt;/i&gt;C\xc3\xa1mara del m\xc3\xb3vil&lt;/span&gt;\n                        &lt;span&gt;&lt;i data-lucide=\&quot;bot\&quot; class=\&quot;tool-icon\&quot;&gt;&lt;/i&gt;IA Generativa (ChatGPT, Gemini)&lt;/span&gt;\n                        &lt;span&gt;&lt;i data-lucide=\&quot;image-plus\&quot; class=\&quot;tool-icon\&quot;&gt;&lt;/i&gt;Funci\xc3\xb3n de adjuntar imagen en IA&lt;/span&gt;\n                        &lt;span&gt;&lt;i data-lucide=\&quot;message-circle\&quot; class=\&quot;tool-icon\&quot;&gt;&lt;/i&gt;WhatsApp&lt;/span&gt;\n                    &lt;/div&gt;\n                    &lt;div class=\&quot;interactive-zone bg-slate-50 p-4 rounded-lg\&quot;&gt;\n                        &lt;p class=\&quot;text-sm font-semibold text-slate-700 mb-2\&quot;&gt;\xc2\xa1Ponlo a Prueba!&lt;/p&gt;\n                        &lt;button class=\&quot;interactive-button\&quot; onclick=\&quot;showSimulationMessage(this, \'\xc2\xa1Llavero encontrado! Foto enviada a la IA. \xc2\xa1Mira qu\xc3\xa9 lince tan chulo ha creado con el llavero! Enviando por WhatsApp... Pista: Hay que mover los pies donde a veces trabaja Andr\xc3\xa9s.\')\&quot;&gt;\n                           &lt;i data-lucide=\&quot;sparkles\&quot; class=\&quot;inline-block mr-1 h-4 w-4\&quot;&gt;&lt;/i&gt; Simular Creaci\xc3\xb3n y Env\xc3\xado de Imagen con IA\n                        &lt;/button&gt;\n                        &lt;p class=\&quot;simulation-message\&quot;&gt;&lt;/p&gt;\n                    &lt;/div&gt;\n                &lt;/div&gt;\n            &lt;/div&gt;\n            &lt;div class=\&quot;path-connector h-8\&quot;&gt;&lt;/div&gt;\n\n            &lt;div class=\&quot;posta-card bg-white p-6 rounded-xl shadow-lg\&quot;&gt;\n                &lt;div class=\&quot;flex justify-between items-center cursor-pointer\&quot; onclick=\&quot;togglePosta(this)\&quot;&gt;\n                    &lt;div class=\&quot;flex items-center\&quot;&gt;\n                        &lt;i data-lucide=\&quot;group\&quot; class=\&quot;mr-3 text-purple-500 h-8 w-8\&quot;&gt;&lt;/i&gt;\n                        &lt;h2 class=\&quot;text-xl font-semibold text-purple-700\&quot;&gt;Posta 3: Plaza del Cabildo \xe2\x80\x93 Selfie Art\xc3\xadstico con IA&lt;/h2&gt;\n                    &lt;/div&gt;\n                    &lt;i data-lucide=\&quot;chevron-down\&quot; class=\&quot;arrow-icon h-6 w-6 text-slate-500\&quot;&gt;&lt;/i&gt;\n                &lt;/div&gt;\n                &lt;div class=\&quot;posta-content mt-4\&quot;&gt;\n                    &lt;p class=\&quot;text-md font-medium text-slate-700 mb-1\&quot;&gt;&lt;strong&gt;Habilidad TIC Principal:&lt;/strong&gt; Edici\xc3\xb3n de Fotos con IA y Compartir en Grupo&lt;/p&gt;\n                    &lt;p class=\&quot;text-sm text-slate-600 mb-2\&quot;&gt;&lt;strong&gt;Aprender\xc3\xa1s a:&lt;/strong&gt;&lt;/p&gt;\n                    &lt;ul class=\&quot;list-disc list-inside text-sm text-slate-600 mb-3 space-y-1\&quot;&gt;\n                        &lt;li&gt;Tomar selfies o fotos grupales.&lt;/li&gt;\n                        &lt;li&gt;Utilizar apps de edici\xc3\xb3n de fotos (Snapseed, Remini, Canva) para mejorar o transformar im\xc3\xa1genes.&lt;/li&gt;\n                        &lt;li&gt;Aplicar funciones de IA dentro de estas apps para efectos creativos.&lt;/li&gt;\n                        &lt;li&gt;Publicar la foto editada en el grupo de WhatsApp del curso.&lt;/li&gt;\n                    &lt;/ul&gt;\n                    &lt;p class=\&quot;text-sm text-slate-600 mb-1\&quot;&gt;&lt;strong&gt;Herramientas Digitales:&lt;/strong&gt;&lt;/p&gt;\n                    &lt;div class=\&quot;flex flex-wrap items-center gap-2 text-sm text-slate-600 mb-4\&quot;&gt;\n                        &lt;span&gt;&lt;i data-lucide=\&quot;camera\&quot; class=\&quot;tool-icon\&quot;&gt;&lt;/i&gt;C\xc3\xa1mara del m\xc3\xb3vil&lt;/span&gt;\n                        &lt;span&gt;&lt;i data-lucide=\&quot;wand-2\&quot; class=\&quot;tool-icon\&quot;&gt;&lt;/i&gt;Apps de Edici\xc3\xb3n (Snapseed, Remini, Canva)&lt;/span&gt;\n                        &lt;span&gt;&lt;i data-lucide=\&quot;message-circle\&quot; class=\&quot;tool-icon\&quot;&gt;&lt;/i&gt;WhatsApp&lt;/span&gt;\n                    &lt;/div&gt;\n                    &lt;div class=\&quot;interactive-zone bg-slate-50 p-4 rounded-lg\&quot;&gt;\n                        &lt;p class=\&quot;text-sm font-semibold text-slate-700 mb-2\&quot;&gt;\xc2\xa1Ponlo a Prueba!&lt;/p&gt;\n                        &lt;button class=\&quot;interactive-button\&quot; onclick=\&quot;showSimulationMessage(this, \'\xc2\xa1Selfie grupal editada con un filtro de IA espectacular! Publicando en WhatsApp... Pista para seguir: La capilla m\xc3\xa1s cercana si hacia Sevilla caminas.\')\&quot;&gt;\n                           &lt;i data-lucide=\&quot;share-2\&quot; class=\&quot;inline-block mr-1 h-4 w-4\&quot;&gt;&lt;/i&gt; Simular Edici\xc3\xb3n y Publicaci\xc3\xb3n de Foto\n                        &lt;/button&gt;\n                        &lt;p class=\&quot;simulation-message\&quot;&gt;&lt;/p&gt;\n                    &lt;/div&gt;\n                &lt;/div&gt;\n            &lt;/div&gt;\n            &lt;div class=\&quot;path-connector h-8\&quot;&gt;&lt;/div&gt;\n\n            &lt;div class=\&quot;posta-card bg-white p-6 rounded-xl shadow-lg\&quot;&gt;\n                &lt;div class=\&quot;flex justify-between items-center cursor-pointer\&quot; onclick=\&quot;togglePosta(this)\&quot;&gt;\n                    &lt;div class=\&quot;flex items-center\&quot;&gt;\n                        &lt;i data-lucide=\&quot;qr-code\&quot; class=\&quot;mr-3 text-orange-500 h-8 w-8\&quot;&gt;&lt;/i&gt;\n                        &lt;h2 class=\&quot;text-xl font-semibold text-orange-700\&quot;&gt;Posta 4: Capilla \xe2\x80\x93 El Misterio del QR&lt;/h2&gt;\n                    &lt;/div&gt;\n                    &lt;i data-lucide=\&quot;chevron-down\&quot; class=\&quot;arrow-icon h-6 w-6 text-slate-500\&quot;&gt;&lt;/i&gt;\n                &lt;/div&gt;\n                &lt;div class=\&quot;posta-content mt-4\&quot;&gt;\n                     &lt;p class=\&quot;text-md font-medium text-slate-700 mb-1\&quot;&gt;&lt;strong&gt;Habilidad TIC Principal:&lt;/strong&gt; Escaneo de C\xc3\xb3digos QR e Interpretaci\xc3\xb3n de Contenido&lt;/p&gt;\n                    &lt;p class=\&quot;text-sm text-slate-600 mb-2\&quot;&gt;&lt;strong&gt;Aprender\xc3\xa1s a:&lt;/strong&gt;&lt;/p&gt;\n                    &lt;ul class=\&quot;list-disc list-inside text-sm text-slate-600 mb-3 space-y-1\&quot;&gt;\n                        &lt;li&gt;Usar la c\xc3\xa1mara del m\xc3\xb3vil o una app espec\xc3\xadfica para escanear c\xc3\xb3digos QR.&lt;/li&gt;\n                        &lt;li&gt;Leer y comprender la informaci\xc3\xb3n contenida en el QR.&lt;/li&gt;\n                        &lt;li&gt;Utilizar la informaci\xc3\xb3n del QR para obtener una nueva pista.&lt;/li&gt;\n                    &lt;/ul&gt;\n                    &lt;p class=\&quot;text-sm text-slate-600 mb-1\&quot;&gt;&lt;strong&gt;Herramientas Digitales:&lt;/strong&gt;&lt;/p&gt;\n                    &lt;div class=\&quot;flex flex-wrap items-center gap-2 text-sm text-slate-600 mb-4\&quot;&gt;\n                        &lt;span&gt;&lt;i data-lucide=\&quot;camera\&quot; class=\&quot;tool-icon\&quot;&gt;&lt;/i&gt;C\xc3\xa1mara del m\xc3\xb3vil&lt;/span&gt;\n                        &lt;span&gt;&lt;i data-lucide=\&quot;scan-line\&quot; class=\&quot;tool-icon\&quot;&gt;&lt;/i&gt;App Esc\xc3\xa1ner QR&lt;/span&gt;\n                    &lt;/div&gt;\n                    &lt;div class=\&quot;interactive-zone bg-slate-50 p-4 rounded-lg\&quot;&gt;\n                        &lt;p class=\&quot;text-sm font-semibold text-slate-700 mb-2\&quot;&gt;\xc2\xa1Ponlo a Prueba!&lt;/p&gt;\n                        &lt;button class=\&quot;interactive-button\&quot; onclick=\&quot;showSimulationMessage(this, \'QR escaneado. Mensaje: \xc2\xa1Buen trabajo! Pista: Busca las ra\xc3\xadces m\xc3\xa1s antiguas de Aznalc\xc3\xa1zar, donde las campanas a\xc3\xban cuentan historias.\')\&quot;&gt;\n                            &lt;i data-lucide=\&quot;scan-search\&quot; class=\&quot;inline-block mr-1 h-4 w-4\&quot;&gt;&lt;/i&gt; Simular Escaneo de QR\n                        &lt;/button&gt;\n                        &lt;p class=\&quot;simulation-message\&quot;&gt;&lt;/p&gt;\n                    &lt;/div&gt;\n                &lt;/div&gt;\n            &lt;/div&gt;\n            &lt;div class=\&quot;path-connector h-8\&quot;&gt;&lt;/div&gt;\n            \n            &lt;div class=\&quot;posta-card bg-white p-6 rounded-xl shadow-lg\&quot;&gt;\n                &lt;div class=\&quot;flex justify-between items-center cursor-pointer\&quot; onclick=\&quot;togglePosta(this)\&quot;&gt;\n                    &lt;div class=\&quot;flex items-center\&quot;&gt;\n                        &lt;i data-lucide=\&quot;messages-square\&quot; class=\&quot;mr-3 text-cyan-500 h-8 w-8\&quot;&gt;&lt;/i&gt;\n                        &lt;h2 class=\&quot;text-xl font-semibold text-cyan-700\&quot;&gt;Posta 5: Iglesia de San Pablo \xe2\x80\x93 Charla con la IA&lt;/h2&gt;\n                    &lt;/div&gt;\n                    &lt;i data-lucide=\&quot;chevron-down\&quot; class=\&quot;arrow-icon h-6 w-6 text-slate-500\&quot;&gt;&lt;/i&gt;\n                &lt;/div&gt;\n                &lt;div class=\&quot;posta-content mt-4\&quot;&gt;\n                    &lt;p class=\&quot;text-md font-medium text-slate-700 mb-1\&quot;&gt;&lt;strong&gt;Habilidad TIC Principal:&lt;/strong&gt; Interacci\xc3\xb3n con Asistentes Virtuales/IA y Verificaci\xc3\xb3n de Fuentes&lt;/p&gt;\n                    &lt;p class=\&quot;text-sm text-slate-600 mb-2\&quot;&gt;&lt;strong&gt;Aprender\xc3\xa1s a:&lt;/strong&gt;&lt;/p&gt;\n                    &lt;ul class=\&quot;list-disc list-inside text-sm text-slate-600 mb-3 space-y-1\&quot;&gt;\n                        &lt;li&gt;Usar Google, ChatGPT o Gemini para buscar datos sobre la Iglesia.&lt;/li&gt;\n                        &lt;li&gt;Mantener una conversaci\xc3\xb3n (por voz o texto) con una IA durante al menos un minuto.&lt;/li&gt;\n                        &lt;li&gt;Formular preguntas para obtener informaci\xc3\xb3n espec\xc3\xadfica.&lt;/li&gt;\n                        &lt;li&gt;Reflexionar sobre la importancia de verificar la informaci\xc3\xb3n obtenida de IAs.&lt;/li&gt;\n                    &lt;/ul&gt;\n                    &lt;p class=\&quot;text-sm text-slate-600 mb-1\&quot;&gt;&lt;strong&gt;Herramientas Digitales:&lt;/strong&gt;&lt;/p&gt;\n                    &lt;div class=\&quot;flex flex-wrap items-center gap-2 text-sm text-slate-600 mb-4\&quot;&gt;\n                        &lt;span&gt;&lt;i data-lucide=\&quot;mic\&quot; class=\&quot;tool-icon\&quot;&gt;&lt;/i&gt;Asistentes de Voz&lt;/span&gt;\n                        &lt;span&gt;&lt;i data-lucide=\&quot;bot\&quot; class=\&quot;tool-icon\&quot;&gt;&lt;/i&gt;ChatGPT / Gemini&lt;/span&gt;\n                        &lt;span&gt;&lt;i data-lucide=\&quot;search-check\&quot; class=\&quot;tool-icon\&quot;&gt;&lt;/i&gt;Navegador (para verificar)&lt;/span&gt;\n                    &lt;/div&gt;\n                    &lt;div class=\&quot;interactive-zone bg-slate-50 p-4 rounded-lg\&quot;&gt;\n                        &lt;p class=\&quot;text-sm font-semibold text-slate-700 mb-2\&quot;&gt;\xc2\xa1Ponlo a Prueba!&lt;/p&gt;\n                        &lt;button class=\&quot;interactive-button\&quot; onclick=\&quot;showSimulationMessage(this, \'Conversaci\xc3\xb3n iniciada con la IA sobre la Iglesia de San Pablo. \xc2\xa1Ya llevas 30 segundos! Pista: Donde el agua descansa, los reflejos guardan secretos.\')\&quot;&gt;\n                            &lt;i data-lucide=\&quot;message-circle\&quot; class=\&quot;inline-block mr-1 h-4 w-4\&quot;&gt;&lt;/i&gt; Simular Conversaci\xc3\xb3n con IA\n                        &lt;/button&gt;\n                        &lt;p class=\&quot;simulation-message\&quot;&gt;&lt;/p&gt;\n                    &lt;/div&gt;\n                &lt;/div&gt;\n            &lt;/div&gt;\n            &lt;div class=\&quot;path-connector h-8\&quot;&gt;&lt;/div&gt;\n\n            &lt;div class=\&quot;posta-card bg-white p-6 rounded-xl shadow-lg\&quot;&gt;\n                &lt;div class=\&quot;flex justify-between items-center cursor-pointer\&quot; onclick=\&quot;togglePosta(this)\&quot;&gt;\n                    &lt;div class=\&quot;flex items-center\&quot;&gt;\n                        &lt;i data-lucide=\&quot;map-pin\&quot; class=\&quot;mr-3 text-blue-500 h-8 w-8\&quot;&gt;&lt;/i&gt;\n                        &lt;h2 class=\&quot;text-xl font-semibold text-blue-700\&quot;&gt;Posta 6: Fuente Vieja \xe2\x80\x93 Conexi\xc3\xb3n en Tiempo Real&lt;/h2&gt;\n                    &lt;/div&gt;\n                    &lt;i data-lucide=\&quot;chevron-down\&quot; class=\&quot;arrow-icon h-6 w-6 text-slate-500\&quot;&gt;&lt;/i&gt;\n                &lt;/div&gt;\n                &lt;div class=\&quot;posta-content mt-4\&quot;&gt;\n                    &lt;p class=\&quot;text-md font-medium text-slate-700 mb-1\&quot;&gt;&lt;strong&gt;Habilidad TIC Principal:&lt;/strong&gt; Geolocalizaci\xc3\xb3n y Compartir Ubicaci\xc3\xb3n&lt;/p&gt;\n                    &lt;p class=\&quot;text-sm text-slate-600 mb-2\&quot;&gt;&lt;strong&gt;Aprender\xc3\xa1s a:&lt;/strong&gt;&lt;/p&gt;\n                    &lt;ul class=\&quot;list-disc list-inside text-sm text-slate-600 mb-3 space-y-1\&quot;&gt;\n                        &lt;li&gt;Utilizar el GPS del m\xc3\xb3vil para determinar tu ubicaci\xc3\xb3n exacta.&lt;/li&gt;\n                        &lt;li&gt;Compartir tu ubicaci\xc3\xb3n en tiempo real con el grupo a trav\xc3\xa9s de Google Maps o similar.&lt;/li&gt;\n                        &lt;li&gt;Navegar hasta un punto espec\xc3\xadfico usando mapas digitales.&lt;/li&gt;\n                    &lt;/ul&gt;\n                    &lt;p class=\&quot;text-sm text-slate-600 mb-1\&quot;&gt;&lt;strong&gt;Herramientas Digitales:&lt;/strong&gt;&lt;/p&gt;\n                    &lt;div class=\&quot;flex flex-wrap items-center gap-2 text-sm text-slate-600 mb-4\&quot;&gt;\n                        &lt;span&gt;&lt;i data-lucide=\&quot;locate-fixed\&quot; class=\&quot;tool-icon\&quot;&gt;&lt;/i&gt;GPS del m\xc3\xb3vil&lt;/span&gt;\n                        &lt;span&gt;&lt;i data-lucide=\&quot;map\&quot; class=\&quot;tool-icon\&quot;&gt;&lt;/i&gt;Google Maps&lt;/span&gt;\n                        &lt;span&gt;&lt;i data-lucide=\&quot;share-2\&quot; class=\&quot;tool-icon\&quot;&gt;&lt;/i&gt;Funci\xc3\xb3n de compartir ubicaci\xc3\xb3n&lt;/span&gt;\n                    &lt;/div&gt;\n                    &lt;div class=\&quot;interactive-zone bg-slate-50 p-4 rounded-lg\&quot;&gt;\n                        &lt;p class=\&quot;text-sm font-semibold text-slate-700 mb-2\&quot;&gt;\xc2\xa1Ponlo a Prueba!&lt;/p&gt;\n                        &lt;button class=\&quot;interactive-button\&quot; onclick=\&quot;showSimulationMessage(this, \'\xc2\xa1Hemos llegado a la Fuente Vieja! Ubicaci\xc3\xb3n compartida en tiempo real con el grupo. Pista para la \xc3\xbaltima: Donde el saber vive, el juego termina.\')\&quot;&gt;\n                            &lt;i data-lucide=\&quot;send\&quot; class=\&quot;inline-block mr-1 h-4 w-4\&quot;&gt;&lt;/i&gt; Simular Compartir Ubicaci\xc3\xb3n\n                        &lt;/button&gt;\n                        &lt;p class=\&quot;simulation-message\&quot;&gt;&lt;/p&gt;\n                    &lt;/div&gt;\n                &lt;/div&gt;\n            &lt;/div&gt;\n             &lt;div class=\&quot;path-connector h-8\&quot;&gt;&lt;/div&gt;\n\n            &lt;div class=\&quot;posta-card bg-white p-6 rounded-xl shadow-lg\&quot;&gt;\n                &lt;div class=\&quot;flex justify-between items-center cursor-pointer\&quot; onclick=\&quot;togglePosta(this)\&quot;&gt;\n                    &lt;div class=\&quot;flex items-center\&quot;&gt;\n                        &lt;i data-lucide=\&quot;award\&quot; class=\&quot;mr-3 text-rose-500 h-8 w-8\&quot;&gt;&lt;/i&gt;\n                        &lt;h2 class=\&quot;text-xl font-semibold text-rose-700\&quot;&gt;Final: Biblioteca/Guadalinfo \xe2\x80\x93 Evaluaci\xc3\xb3n y Celebraci\xc3\xb3n&lt;/h2&gt;\n                    &lt;/div&gt;\n                    &lt;i data-lucide=\&quot;chevron-down\&quot; class=\&quot;arrow-icon h-6 w-6 text-slate-500\&quot;&gt;&lt;/i&gt;\n                &lt;/div&gt;\n                &lt;div class=\&quot;posta-content mt-4\&quot;&gt;\n                    &lt;p class=\&quot;text-md font-medium text-slate-700 mb-1\&quot;&gt;&lt;strong&gt;Habilidad TIC Principal:&lt;/strong&gt; Feedback Digital y Comunicaci\xc3\xb3n Final&lt;/p&gt;\n                    &lt;p class=\&quot;text-sm text-slate-600 mb-2\&quot;&gt;&lt;strong&gt;Aprender\xc3\xa1s a:&lt;/strong&gt;&lt;/p&gt;\n                    &lt;ul class=\&quot;list-disc list-inside text-sm text-slate-600 mb-3 space-y-1\&quot;&gt;\n                        &lt;li&gt;Rellenar una peque\xc3\xb1a encuesta sobre la experiencia a trav\xc3\xa9s de WhatsApp.&lt;/li&gt;\n                        &lt;li&gt;Participar en la comunicaci\xc3\xb3n grupal para el cierre.&lt;/li&gt;\n                        &lt;li&gt;Recibir y gestionar archivos digitales (diplomas) v\xc3\xada correo o WhatsApp.&lt;/li&gt;\n                    &lt;/ul&gt;\n                    &lt;p class=\&quot;text-sm text-slate-600 mb-1\&quot;&gt;&lt;strong&gt;Herramientas Digitales:&lt;/strong&gt;&lt;/p&gt;\n                    &lt;div class=\&quot;flex flex-wrap items-center gap-2 text-sm text-slate-600 mb-4\&quot;&gt;\n                        &lt;span&gt;&lt;i data-lucide=\&quot;list-checks\&quot; class=\&quot;tool-icon\&quot;&gt;&lt;/i&gt;Encuestas de WhatsApp&lt;/span&gt;\n                        &lt;span&gt;&lt;i data-lucide=\&quot;mail\&quot; class=\&quot;tool-icon\&quot;&gt;&lt;/i&gt;Correo Electr\xc3\xb3nico&lt;/span&gt;\n                        &lt;span&gt;&lt;i data-lucide=\&quot;message-circle\&quot; class=\&quot;tool-icon\&quot;&gt;&lt;/i&gt;WhatsApp&lt;/span&gt;\n                        &lt;span&gt;&lt;i data-lucide=\&quot;camera\&quot; class=\&quot;tool-icon\&quot;&gt;&lt;/i&gt;C\xc3\xa1mara (para foto grupal)&lt;/span&gt;\n                    &lt;/div&gt;\n                    &lt;div class=\&quot;interactive-zone bg-slate-50 p-4 rounded-lg\&quot;&gt;\n                        &lt;p class=\&quot;text-sm font-semibold text-slate-700 mb-2\&quot;&gt;\xc2\xa1El Cierre!&lt;/p&gt;\n                        &lt;button class=\&quot;interactive-button mr-2\&quot; onclick=\&quot;showSimulationMessage(this, \'Encuesta de WhatsApp rellenada. \xc2\xa1Gracias por tu feedback! Preparados para la foto...\')\&quot;&gt;\n                            &lt;i data-lucide=\&quot;check-square\&quot; class=\&quot;inline-block mr-1 h-4 w-4\&quot;&gt;&lt;/i&gt; Simular Rellenar Encuesta WhatsApp\n                        &lt;/button&gt;\n                         &lt;button class=\&quot;interactive-button\&quot; onclick=\&quot;showSimulationMessage(this, \'\xc2\xa1Diplomas digitales enviados! Revisa tu correo/WhatsApp. \xc2\xa1Enhorabuena!\')\&quot;&gt;\n                            &lt;i data-lucide=\&quot;download-cloud\&quot; class=\&quot;inline-block mr-1 h-4 w-4\&quot;&gt;&lt;/i&gt; Simular Recepci\xc3\xb3n de Diploma\n                        &lt;/button&gt;\n                        &lt;p class=\&quot;simulation-message\&quot;&gt;&lt;/p&gt;\n                    &lt;/div&gt;\n                &lt;/div&gt;\n            &lt;/div&gt;\n        &lt;/div&gt;\n\n        &lt;section class=\&quot;mt-12 bg-indigo-600 text-white p-8 rounded-xl shadow-xl\&quot;&gt;\n            &lt;h3 class=\&quot;text-2xl font-bold mb-4 text-center\&quot;&gt;Resumen de Habilidades Digitales Conseguidas&lt;/h3&gt;\n            &lt;ul class=\&quot;grid grid-cols-1 md:grid-cols-2 lg:grid-cols-3 gap-4 text-sm\&quot;&gt;\n                &lt;li class=\&quot;flex items-center\&quot;&gt;&lt;i data-lucide=\&quot;check-circle\&quot; class=\&quot;h-5 w-5 mr-2 text-green-300\&quot;&gt;&lt;/i&gt;Navegaci\xc3\xb3n GPS&lt;/li&gt;\n                &lt;li class=\&quot;flex items-center\&quot;&gt;&lt;i data-lucide=\&quot;check-circle\&quot; class=\&quot;h-5 w-5 mr-2 text-green-300\&quot;&gt;&lt;/i&gt;B\xc3\xbasqueda y Manejo de Informaci\xc3\xb3n (Internet/IA)&lt;/li&gt;\n                &lt;li class=\&quot;flex items-center\&quot;&gt;&lt;i data-lucide=\&quot;check-circle\&quot; class=\&quot;h-5 w-5 mr-2 text-green-300\&quot;&gt;&lt;/i&gt;Cumplimentaci\xc3\xb3n de Formularios Online&lt;/li&gt;\n                &lt;li class=\&quot;flex items-center\&quot;&gt;&lt;i data-lucide=\&quot;check-circle\&quot; class=\&quot;h-5 w-5 mr-2 text-green-300\&quot;&gt;&lt;/i&gt;Uso de IA Generativa de Im\xc3\xa1genes&lt;/li&gt;\n                &lt;li class=\&quot;flex items-center\&quot;&gt;&lt;i data-lucide=\&quot;check-circle\&quot; class=\&quot;h-5 w-5 mr-2 text-green-300\&quot;&gt;&lt;/i&gt;Edici\xc3\xb3n de Fotos con IA&lt;/li&gt;\n                &lt;li class=\&quot;flex items-center\&quot;&gt;&lt;i data-lucide=\&quot;check-circle\&quot; class=\&quot;h-5 w-5 mr-2 text-green-300\&quot;&gt;&lt;/i&gt;Compartir Multimedia (WhatsApp)&lt;/li&gt;\n                &lt;li class=\&quot;flex items-center\&quot;&gt;&lt;i data-lucide=\&quot;check-circle\&quot; class=\&quot;h-5 w-5 mr-2 text-green-300\&quot;&gt;&lt;/i&gt;Escaneo de C\xc3\xb3digos QR&lt;/li&gt;\n                &lt;li class=\&quot;flex items-center\&quot;&gt;&lt;i data-lucide=\&quot;check-circle\&quot; class=\&quot;h-5 w-5 mr-2 text-green-300\&quot;&gt;&lt;/i&gt;Interacci\xc3\xb3n con Asistentes Virtuales/IA&lt;/li&gt;\n                &lt;li class=\&quot;flex items-center\&quot;&gt;&lt;i data-lucide=\&quot;check-circle\&quot; class=\&quot;h-5 w-5 mr-2 text-green-300\&quot;&gt;&lt;/i&gt;Verificaci\xc3\xb3n de Fuentes&lt;/li&gt;\n                &lt;li class=\&quot;flex items-center\&quot;&gt;&lt;i data-lucide=\&quot;check-circle\&quot; class=\&quot;h-5 w-5 mr-2 text-green-300\&quot;&gt;&lt;/i&gt;Geolocalizaci\xc3\xb3n y Compartir Ubicaci\xc3\xb3n&lt;/li&gt;\n                &lt;li class=\&quot;flex items-center\&quot;&gt;&lt;i data-lucide=\&quot;check-circle\&quot; class=\&quot;h-5 w-5 mr-2 text-green-300\&quot;&gt;&lt;/i&gt;Feedback Digital (Encuestas WhatsApp)&lt;/li&gt;\n                &lt;li class=\&quot;flex items-center\&quot;&gt;&lt;i data-lucide=\&quot;check-circle\&quot; class=\&quot;h-5 w-5 mr-2 text-green-300\&quot;&gt;&lt;/i&gt;Gesti\xc3\xb3n de Archivos Digitales&lt;/li&gt;\n            &lt;/ul&gt;\n        &lt;/section&gt;\n\n        &lt;footer class=\&quot;text-center mt-10 py-6 border-t border-slate-300\&quot;&gt;\n            &lt;p class=\&quot;text-sm text-slate-600\&quot;&gt;&amp;copy; &lt;span id=\&quot;currentYear\&quot;&gt;&lt;/span&gt; Gymkhana Tecnol\xc3\xb3gica Aznalc\xc3\xa1zar (Grupo 1). \xc2\xa1Aprende y divi\xc3\xa9rtete!&lt;/p&gt;\n        &lt;/footer&gt;\n    &lt;/div&gt;\n\n    &lt;script&gt;\n        // Inicializar Lucide Icons\n        lucide.createIcons();\n\n        // Script para el a\xc3\xb1o actual en el footer\n        document.getElementById(\'currentYear\').textContent = new Date().getFullYear();\n\n        // Funci\xc3\xb3n para mostrar/ocultar contenido de las postas\n        function togglePosta(headerElement) {\n            const content = headerElement.nextElementSibling;\n            const arrow = headerElement.querySelector(\'.arrow-icon\');\n            \n            // Comportamiento de acorde\xc3\xb3n: cerrar otras postas abiertas\n            document.querySelectorAll(\'.posta-content.open\').forEach(openContent =&gt; {\n                if (openContent !== content) {\n                    openContent.classList.remove(\'open\');\n                    const otherArrow = openContent.previousElementSibling.querySelector(\'.arrow-icon\');\n                    if (otherArrow) {\n                        otherArrow.setAttribute(\'data-lucide\', \'chevron-down\');\n                    }\n                }\n            });\n\n            if (content.classList.contains(\'open\')) {\n                content.classList.remove(\'open\');\n                arrow.setAttribute(\'data-lucide\', \'chevron-down\');\n            } else {\n                content.classList.add(\'open\');\n                arrow.setAttribute(\'data-lucide\', \'chevron-up\');\n            }\n            lucide.createIcons(); // Re-renderizar iconos si cambian\n        }\n\n        // Funci\xc3\xb3n para mostrar mensajes de simulaci\xc3\xb3n\n        function showSimulationMessage(buttonElement, message) {\n            let interactiveZone = buttonElement.closest(\'.interactive-zone\');\n            if (!interactiveZone) return; \n\n            let messageElement = interactiveZone.querySelector(\'.simulation-message\');\n            if (!messageElement) return; \n\n            messageElement.textContent = message;\n            messageElement.style.display = \'block\';\n            \n            setTimeout(() =&gt; {\n                messageElement.style.display = \'none\';\n            }, 6000); // Mensaje visible por 6 segundos\n        }\n        \n    &lt;/script&gt;\n&lt;/body&gt;\n&lt;/html&gt;\n"></string>
          <string role="key" value="exe.engine.field.Field.persistenceVersion"></string>
          <int value="4"></int>
          <string role="key" value="exe.engine.field.FieldWithResources.persistenceVersion"></string>
          <int value="2"></int>
          <string role="key" value="exe.engine.field.TextAreaField.persistenceVersion"></string>
          <int value="3"></int>
          <string role="key" value="htmlTag"></string>
          <string value="div"></string>
          <string role="key" value="images"></string>
          <instance class="exe.engine.galleryidevice.GalleryImages">
           <dictionary>
            <string role="key" value=".listitems"></string>
            <list></list>
            <string role="key" value="idevice"></string>
            <reference key="2"></reference>
           </dictionary>
          </instance>
          <string role="key" value="nextImageId"></string>
          <int value="0"></int>
          <string role="key" value="parentNode"></string>
          <none></none>
         </dictionary>
        </instance>
        <string role="key" value="edit"></string>
        <bool value="0"></bool>
        <string role="key" value="emphasis"></string>
        <int value="0"></int>
        <string role="key" value="exe.engine.freetextidevice.FreeTextIdevice.persistenceVersion"></string>
        <int value="7"></int>
        <string role="key" value="icon"></string>
        <string value=""></string>
        <string role="key" value="id"></string>
        <unicode value="1"></unicode>
        <string role="key" value="lastIdevice"></string>
        <bool value="0"></bool>
        <string role="key" value="originalicon"></string>
        <string value=""></string>
        <string role="key" value="parent"></string>
        <none></none>
        <string role="key" value="parentNode"></string>
        <reference key="3"></reference>
        <string role="key" value="systemResources"></string>
        <list></list>
        <string role="key" value="type"></string>
        <string value="a"></string>
        <string role="key" value="undo"></string>
        <bool value="1"></bool>
        <string role="key" value="userResources"></string>
        <list>
         <instance class="exe.engine.resource.Resource" reference="9">
          <dictionary>
           <string role="key" value="_idevice"></string>
           <reference key="1"></reference>
           <string role="key" value="_package"></string>
           <reference key="4"></reference>
           <string role="key" value="_storageName"></string>
           <string value="Gymkhana.index.html.html"></string>
           <string role="key" value="_userName"></string>
           <string value="C:\\Users\\usuario\\Desktop\\Pepe\\Gymkhana\\Gymkhana.index.html.html"></string>
           <string role="key" value="checksum"></string>
           <string value="e283026ea4f4c86491c91ec1247e4d6d"></string>
           <string role="key" value="exe.engine.resource.Resource.persistenceVersion"></string>
           <int value="2"></int>
           <string role="key" value="exe.engine.resource._Resource.persistenceVersion"></string>
           <int value="2"></int>
           <string role="key" value="warningMsg"></string>
           <string value=""></string>
          </dictionary>
         </instance>
        </list>
        <string role="key" value="version"></string>
        <int value="0"></int>
       </dictionary>
      </instance>
     </list>
     <string role="key" value="_id"></string>
     <unicode value="0"></unicode>
     <string role="key" value="_package"></string>
     <reference key="4"></reference>
     <string role="key" value="exe.engine.node.Node.persistenceVersion"></string>
     <int value="2"></int>
     <string role="key" value="exportType"></string>
     <string value="scorm"></string>
     <string role="key" value="last_full_node_path"></string>
     <string value="exe-node:Home"></string>
     <string role="key" value="parent"></string>
     <none></none>
     <string role="key" value="children"></string>
     <list>
      <instance class="exe.engine.node.Node" reference="7">
       <dictionary>
        <string role="key" value="_title"></string>
        <unicode value="Contenido del directorio"></unicode>
        <string role="key" value="idevices"></string>
        <list>
         <instance class="exe.engine.freetextidevice.FreeTextIdevice" reference="5">
          <dictionary>
           <string role="key" value="_title"></string>
           <unicode value="Free Text"></unicode>
           <string role="key" value="_author"></string>
           <unicode value="University of Auckland"></unicode>
           <string role="key" value="_purpose"></string>
           <unicode value="The majority of a learning resource will be 
establishing context, delivering instructions and providing general information.
This provides the framework within which the learning activities are built and 
delivered."></unicode>
           <string role="key" value="_tip"></string>
           <string value=""></string>
           <string role="key" value="_typeName"></string>
           <unicode value="Free Text"></unicode>
           <string role="key" value="childs"></string>
           <list></list>
           <string role="key" value="content"></string>
           <instance class="exe.engine.field.TextAreaField" reference="6">
            <dictionary>
             <string role="key" value="_id"></string>
             <int value="238"></int>
             <string role="key" value="_idevice"></string>
             <reference key="5"></reference>
             <string role="key" value="_instruc"></string>
             <unicode value="Use this field to enter text. This 
iDevice has no emphasis applied although limited formatting can be applied to 
text through the text editing buttons associated with the field."></unicode>
             <string role="key" value="_name"></string>
             <unicode value="Free Text"></unicode>
             <string role="key" value="content_w_resourcePaths"></string>
             <unicode content="true" value="&lt;p&gt;&lt;a href=resources/Gymkhana.index.html.html&gt;Gymkhana.index.html.html&lt;/p&gt;
"></unicode>
             <string role="key" value="exe.engine.field.Field.persistenceVersion"></string>
             <int value="4"></int>
             <string role="key" value="exe.engine.field.FieldWithResources.persistenceVersion"></string>
             <int value="2"></int>
             <string role="key" value="exe.engine.field.TextAreaField.persistenceVersion"></string>
             <int value="3"></int>
             <string role="key" value="htmlTag"></string>
             <string value="div"></string>
             <string role="key" value="images"></string>
             <instance class="exe.engine.galleryidevice.GalleryImages">
              <dictionary>
               <string role="key" value=".listitems"></string>
               <list></list>
               <string role="key" value="idevice"></string>
               <reference key="6"></reference>
              </dictionary>
             </instance>
             <string role="key" value="nextImageId"></string>
             <int value="0"></int>
             <string role="key" value="parentNode"></string>
             <none></none>
            </dictionary>
           </instance>
           <string role="key" value="edit"></string>
           <bool value="0"></bool>
           <string role="key" value="emphasis"></string>
           <int value="0"></int>
           <string role="key" value="exe.engine.freetextidevice.FreeTextIdevice.persistenceVersion"></string>
           <int value="7"></int>
           <string role="key" value="icon"></string>
           <string value=""></string>
           <string role="key" value="id"></string>
           <unicode value="0"></unicode>
           <string role="key" value="lastIdevice"></string>
           <bool value="1"></bool>
           <string role="key" value="originalicon"></string>
           <string value=""></string>
           <string role="key" value="parent"></string>
           <none></none>
           <string role="key" value="parentNode"></string>
           <reference key="7"></reference>
           <string role="key" value="systemResources"></string>
           <list></list>
           <string role="key" value="type"></string>
           <none></none>
           <string role="key" value="undo"></string>
           <bool value="1"></bool>
           <string role="key" value="userResources"></string>
           <list>
            <instance class="exe.engine.resource.Resource" reference="8">
             <dictionary>
              <string role="key" value="_idevice"></string>
              <reference key="5"></reference>
              <string role="key" value="_package"></string>
              <reference key="4"></reference>
              <string role="key" value="_storageName"></string>
              <string value="Gymkhana.index.html.html"></string>
              <string role="key" value="_userName"></string>
              <string value="C:\\Users\\usuario\\Desktop\\Pepe\\Gymkhana\\Gymkhana.index.html.html"></string>
              <string role="key" value="checksum"></string>
              <string value="e283026ea4f4c86491c91ec1247e4d6d"></string>
              <string role="key" value="exe.engine.resource.Resource.persistenceVersion"></string>
              <int value="2"></int>
              <string role="key" value="exe.engine.resource._Resource.persistenceVersion"></string>
              <int value="2"></int>
              <string role="key" value="warningMsg"></string>
              <string value=""></string>
             </dictionary>
            </instance>
           </list>
           <string role="key" value="version"></string>
           <int value="0"></int>
          </dictionary>
         </instance>
        </list>
        <string role="key" value="_id"></string>
        <unicode value="1"></unicode>
        <string role="key" value="_package"></string>
        <reference key="4"></reference>
        <string role="key" value="exe.engine.node.Node.persistenceVersion"></string>
        <int value="2"></int>
        <string role="key" value="exportType"></string>
        <string value="scorm"></string>
        <string role="key" value="last_full_node_path"></string>
        <string value="exe-node:Inicio:Tema"></string>
        <string role="key" value="parent"></string>
        <reference key="3"></reference>
        <string role="key" value="children"></string>
        <list></list>
       </dictionary>
      </instance>
     </list>
    </dictionary>
   </instance>
   <unicode role="key" value="1"></unicode>
   <reference key="7"></reference>
  </dictionary>
  <string role="key" value="_objectives"></string>
  <unicode value=""></unicode>
  <string role="key" value="_preknowledge"></string>
  <unicode value=""></unicode>
  <string role="key" value="_templateFile"></string>
  <string value="Base"></string>
  <string role="key" value="backgroundImgTile"></string>
  <bool value="0"></bool>
  <string role="key" value="compatibleWithVersion9"></string>
  <bool value="0"></bool>
  <string role="key" value="currentNode"></string>
  <reference key="3"></reference>
  <string role="key" value="dublinCore"></string>
  <instance class="exe.engine.package.DublinCore">
   <dictionary>
    <string role="key" value="contributors"></string>
    <unicode value=""></unicode>
    <string role="key" value="coverage"></string>
    <unicode value=""></unicode>
    <string role="key" value="creator"></string>
    <unicode value="CEPA"></unicode>
    <string role="key" value="date"></string>
    <unicode value=""></unicode>
    <string role="key" value="description"></string>
    <unicode value="Gymkhana interactiva"></unicode>
    <string role="key" value="format"></string>
    <unicode value=""></unicode>
    <string role="key" value="identifier"></string>
    <unicode value="4a7d755e-34a5-410a-a7d4-601881136623"></unicode>
    <string role="key" value="language"></string>
    <unicode value="es"></unicode>
    <string role="key" value="publisher"></string>
    <unicode value=""></unicode>
    <string role="key" value="relation"></string>
    <unicode value=""></unicode>
    <string role="key" value="rights"></string>
    <unicode value=""></unicode>
    <string role="key" value="source"></string>
    <unicode value=""></unicode>
    <string role="key" value="subject"></string>
    <unicode value=""></unicode>
    <string role="key" value="title"></string>
    <unicode value="Gymkhana"></unicode>
    <string role="key" value="type"></string>
    <unicode value=""></unicode>
   </dictionary>
  </instance>
  <string role="key" value="exe.engine.package.Package.persistenceVersion"></string>
  <int value="16"></int>
  <string role="key" value="exportMetadataType"></string>
  <string value="LOMES"></string>
  <string role="key" value="exportSource"></string>
  <bool value="1"></bool>
  <string role="key" value="footer"></string>
  <string value=""></string>
  <string role="key" value="isLoading"></string>
  <bool value="0"></bool>
  <string role="key" value="license"></string>
  <unicode value="creative commons: attribution - share alike 4.0"></unicode>
  <string role="key" value="lom"></string>
  <instance class="exe.engine.lom.lomsubs.lomSub">
   <dictionary>
    <string role="key" value="__index__"></string>
    <dictionary></dictionary>
    <string role="key" value="__oldchild__"></string>
    <none></none>
    <string role="key" value="annotation"></string>
    <list></list>
    <string role="key" value="classification"></string>
    <list></list>
    <string role="key" value="educational"></string>
    <list>
     <instance class="exe.engine.lom.lomsubs.educationalSub">
      <dictionary>
       <string role="key" value="cognitiveProcess"></string>
       <list></list>
       <string role="key" value="context"></string>
       <list></list>
       <string role="key" value="description"></string>
       <list></list>
       <string role="key" value="difficulty"></string>
       <none></none>
       <string role="key" value="intendedEndUserRole"></string>
       <list></list>
       <string role="key" value="interactivityLevel"></string>
       <none></none>
       <string role="key" value="interactivityType"></string>
       <none></none>
       <string role="key" value="language"></string>
       <list>
        <instance class="exe.engine.lom.lomsubs.LanguageIdSub">
         <dictionary>
          <string role="key" value="extensiontype_"></string>
          <none></none>
          <string role="key" value="valueOf_"></string>
          <string value="es"></string>
         </dictionary>
        </instance>
       </list>
       <string role="key" value="learningResourceType"></string>
       <list></list>
       <string role="key" value="semanticDensity"></string>
       <none></none>
       <string role="key" value="typicalAgeRange"></string>
       <list></list>
       <string role="key" value="typicalLearningTime"></string>
       <none></none>
      </dictionary>
     </instance>
    </list>
    <string role="key" value="general"></string>
    <instance class="exe.engine.lom.lomsubs.generalSub">
     <dictionary>
      <string role="key" value="aggregationLevel"></string>
      <instance class="exe.engine.lom.lomsubs.aggregationLevelSub">
       <dictionary>
        <string role="key" value="extensiontype_"></string>
        <none></none>
        <string role="key" value="source"></string>
        <instance class="exe.engine.lom.lomsubs.sourceValueSub">
         <dictionary>
          <string role="key" value="extensiontype_"></string>
          <none></none>
          <string role="key" value="string"></string>
          <list></list>
          <string role="key" value="uniqueElementName"></string>
          <string value="source"></string>
          <string role="key" value="valueOf_"></string>
          <string value="LOMv1.0"></string>
         </dictionary>
        </instance>
        <string role="key" value="uniqueElementName"></string>
        <string value="aggregationLevel"></string>
        <string role="key" value="value"></string>
        <instance class="exe.engine.lom.lomsubs.aggregationLevelValueSub">
         <dictionary>
          <string role="key" value="extensiontype_"></string>
          <none></none>
          <string role="key" value="source"></string>
          <none></none>
          <string role="key" value="uniqueElementName"></string>
          <string value="value"></string>
          <string role="key" value="value"></string>
          <none></none>
          <string role="key" value="valueOf_"></string>
          <string value="2"></string>
         </dictionary>
        </instance>
       </dictionary>
      </instance>
      <string role="key" value="coverage"></string>
      <list></list>
      <string role="key" value="description"></string>
      <list>
       <instance class="exe.engine.lom.lomsubs.descriptionSub">
        <dictionary>
         <string role="key" value="extensiontype_"></string>
         <none></none>
         <string role="key" value="string"></string>
         <list>
          <instance class="exe.engine.lom.lomsubs.LangStringSub">
           <dictionary>
            <string role="key" value="language"></string>
            <string value="es"></string>
            <string role="key" value="valueOf_"></string>
            <string value="Gymkhana interactiva"></string>
           </dictionary>
          </instance>
         </list>
        </dictionary>
       </instance>
      </list>
      <string role="key" value="identifier"></string>
      <list>
       <instance class="exe.engine.lom.lomsubs.identifierSub">
        <dictionary>
         <string role="key" value="catalog"></string>
         <instance class="exe.engine.lom.lomsubs.catalogSub">
          <dictionary>
           <string role="key" value="uniqueElementName"></string>
           <string value="catalog"></string>
           <string role="key" value="valueOf_"></string>
           <unicode value="My Catalog"></unicode>
          </dictionary>
         </instance>
         <string role="key" value="entry"></string>
         <instance class="exe.engine.lom.lomsubs.entrySub">
          <dictionary>
           <string role="key" value="uniqueElementName"></string>
           <string value="entry"></string>
           <string role="key" value="valueOf_"></string>
           <unicode value="4a7d755e-34a5-410a-a7d4-601881136623"></unicode>
          </dictionary>
         </instance>
        </dictionary>
       </instance>
      </list>
      <string role="key" value="keyword"></string>
      <list></list>
      <string role="key" value="language"></string>
      <list>
       <instance class="exe.engine.lom.lomsubs.LanguageIdSub">
        <dictionary>
         <string role="key" value="extensiontype_"></string>
         <none></none>
         <string role="key" value="valueOf_"></string>
         <string value="es"></string>
        </dictionary>
       </instance>
      </list>
      <string role="key" value="structure"></string>
      <none></none>
      <string role="key" value="title"></string>
      <instance class="exe.engine.lom.lomsubs.titleSub">
       <dictionary>
        <string role="key" value="extensiontype_"></string>
        <none></none>
        <string role="key" value="string"></string>
        <list>
         <instance class="exe.engine.lom.lomsubs.LangStringSub">
          <dictionary>
           <string role="key" value="language"></string>
           <string value="es"></string>
           <string role="key" value="valueOf_"></string>
           <string value="Gymkhana"></string>
          </dictionary>
         </instance>
        </list>
        <string role="key" value="uniqueElementName"></string>
        <none></none>
       </dictionary>
      </instance>
      <string role="key" value="uniqueElementName"></string>
      <string value="general"></string>
     </dictionary>
    </instance>
    <string role="key" value="lifeCycle"></string>
    <instance class="exe.engine.lom.lomsubs.lifeCycleSub">
     <dictionary>
      <string role="key" value="contribute"></string>
      <list>
       <instance class="exe.engine.lom.lomsubs.contributeSub">
        <dictionary>
         <string role="key" value="date"></string>
         <instance class="exe.engine.lom.lomsubs.dateSub">
          <dictionary>
           <string role="key" value="dateTime"></string>
           <instance class="exe.engine.lom.lomsubs.DateTimeValueSub">
            <dictionary>
             <string role="key" value="uniqueElementName"></string>
             <string value="dateTime"></string>
             <string role="key" value="valueOf_"></string>
             <string value="2025-05-23T10:49:54.00+02:00"></string>
            </dictionary>
           </instance>
           <string role="key" value="description"></string>
           <instance class="exe.engine.lom.lomsubs.LanguageStringSub">
            <dictionary>
             <string role="key" value="extensiontype_"></string>
             <none></none>
             <string role="key" value="string"></string>
             <list>
              <instance class="exe.engine.lom.lomsubs.LangStringSub">
               <dictionary>
                <string role="key" value="language"></string>
                <string value="es"></string>
                <string role="key" value="valueOf_"></string>
                <string value="Fecha de creaci\xc3\xb3n de los metadatos"></string>
               </dictionary>
              </instance>
             </list>
            </dictionary>
           </instance>
           <string role="key" value="extensiontype_"></string>
           <none></none>
           <string role="key" value="uniqueElementName"></string>
           <none></none>
           <string role="key" value="valueOf_"></string>
           <none></none>
          </dictionary>
         </instance>
         <string role="key" value="entity"></string>
         <list>
          <instance class="exe.engine.lom.lomsubs.entitySub">
           <dictionary>
            <string role="key" value="extensiontype_"></string>
            <none></none>
            <string role="key" value="valueOf_"></string>
            <string value="BEGIN:VCARD VERSION:3.0 FN:CEPA EMAIL;TYPE=INTERNET: ORG: END:VCARD"></string>
           </dictionary>
          </instance>
         </list>
         <string role="key" value="role"></string>
         <instance class="exe.engine.lom.lomsubs.roleSub">
          <dictionary>
           <string role="key" value="extensiontype_"></string>
           <none></none>
           <string role="key" value="source"></string>
           <instance class="exe.engine.lom.lomsubs.sourceValueSub">
            <dictionary>
             <string role="key" value="extensiontype_"></string>
             <none></none>
             <string role="key" value="string"></string>
             <list></list>
             <string role="key" value="uniqueElementName"></string>
             <string value="source"></string>
             <string role="key" value="valueOf_"></string>
             <string value="LOMv1.0"></string>
            </dictionary>
           </instance>
           <string role="key" value="uniqueElementName"></string>
           <string value="role"></string>
           <string role="key" value="value"></string>
           <instance class="exe.engine.lom.lomsubs.roleValueSub">
            <dictionary>
             <string role="key" value="extensiontype_"></string>
             <none></none>
             <string role="key" value="source"></string>
             <none></none>
             <string role="key" value="uniqueElementName"></string>
             <string value="value"></string>
             <string role="key" value="value"></string>
             <none></none>
             <string role="key" value="valueOf_"></string>
             <string value="author"></string>
            </dictionary>
           </instance>
          </dictionary>
         </instance>
        </dictionary>
       </instance>
      </list>
      <string role="key" value="status"></string>
      <none></none>
      <string role="key" value="uniqueElementName"></string>
      <none></none>
      <string role="key" value="version"></string>
      <none></none>
     </dictionary>
    </instance>
    <string role="key" value="metaMetadata"></string>
    <instance class="exe.engine.lom.lomsubs.metaMetadataSub">
     <dictionary>
      <string role="key" value="contribute"></string>
      <list>
       <instance class="exe.engine.lom.lomsubs.contributeMetaSub">
        <dictionary>
         <string role="key" value="date"></string>
         <instance class="exe.engine.lom.lomsubs.dateSub">
          <dictionary>
           <string role="key" value="dateTime"></string>
           <instance class="exe.engine.lom.lomsubs.DateTimeValueSub">
            <dictionary>
             <string role="key" value="uniqueElementName"></string>
             <string value="dateTime"></string>
             <string role="key" value="valueOf_"></string>
             <string value="2025-05-23T10:48:42.00+02:00"></string>
            </dictionary>
           </instance>
           <string role="key" value="description"></string>
           <instance class="exe.engine.lom.lomsubs.LanguageStringSub">
            <dictionary>
             <string role="key" value="extensiontype_"></string>
             <none></none>
             <string role="key" value="string"></string>
             <list>
              <instance class="exe.engine.lom.lomsubs.LangStringSub">
               <dictionary>
                <string role="key" value="language"></string>
                <string value="es"></string>
                <string role="key" value="valueOf_"></string>
                <string value="Fecha de creaci\xc3\xb3n de los metadatos"></string>
               </dictionary>
              </instance>
             </list>
            </dictionary>
           </instance>
           <string role="key" value="extensiontype_"></string>
           <none></none>
           <string role="key" value="uniqueElementName"></string>
           <none></none>
           <string role="key" value="valueOf_"></string>
           <none></none>
          </dictionary>
         </instance>
         <string role="key" value="entity"></string>
         <list>
          <instance class="exe.engine.lom.lomsubs.entitySub">
           <dictionary>
            <string role="key" value="extensiontype_"></string>
            <none></none>
            <string role="key" value="valueOf_"></string>
            <string value="BEGIN:VCARD VERSION:3.0 FN:CEPA EMAIL;TYPE=INTERNET: ORG: END:VCARD"></string>
           </dictionary>
          </instance>
         </list>
         <string role="key" value="role"></string>
         <instance class="exe.engine.lom.lomsubs.roleSub">
          <dictionary>
           <string role="key" value="extensiontype_"></string>
           <none></none>
           <string role="key" value="source"></string>
           <instance class="exe.engine.lom.lomsubs.sourceValueSub">
            <dictionary>
             <string role="key" value="extensiontype_"></string>
             <none></none>
             <string role="key" value="string"></string>
             <list></list>
             <string role="key" value="uniqueElementName"></string>
             <string value="source"></string>
             <string role="key" value="valueOf_"></string>
             <string value="LOMv1.0"></string>
            </dictionary>
           </instance>
           <string role="key" value="uniqueElementName"></string>
           <string value="role"></string>
           <string role="key" value="value"></string>
           <instance class="exe.engine.lom.lomsubs.roleValueSub">
            <dictionary>
             <string role="key" value="extensiontype_"></string>
             <none></none>
             <string role="key" value="source"></string>
             <none></none>
             <string role="key" value="uniqueElementName"></string>
             <string value="value"></string>
             <string role="key" value="value"></string>
             <none></none>
             <string role="key" value="valueOf_"></string>
             <string value="creator"></string>
            </dictionary>
           </instance>
          </dictionary>
         </instance>
        </dictionary>
       </instance>
      </list>
      <string role="key" value="identifier"></string>
      <list></list>
      <string role="key" value="language"></string>
      <instance class="exe.engine.lom.lomsubs.LanguageIdSub">
       <dictionary>
        <string role="key" value="extensiontype_"></string>
        <none></none>
        <string role="key" value="valueOf_"></string>
        <string value="es"></string>
       </dictionary>
      </instance>
      <string role="key" value="metadataSchema"></string>
      <list>
       <instance class="exe.engine.lom.lomsubs.metadataSchemaSub">
        <dictionary>
         <string role="key" value="valueOf_"></string>
         <string value="LOMv1.0"></string>
        </dictionary>
       </instance>
      </list>
      <string role="key" value="uniqueElementName"></string>
      <string value="metaMetadata"></string>
     </dictionary>
    </instance>
    <string role="key" value="relation"></string>
    <list></list>
    <string role="key" value="rights"></string>
    <instance class="exe.engine.lom.lomsubs.rightsSub">
     <dictionary>
      <string role="key" value="access"></string>
      <none></none>
      <string role="key" value="copyrightAndOtherRestrictions"></string>
      <instance class="exe.engine.lom.lomsubs.copyrightAndOtherRestrictionsSub">
       <dictionary>
        <string role="key" value="extensiontype_"></string>
        <none></none>
        <string role="key" value="source"></string>
        <instance class="exe.engine.lom.lomsubs.sourceValueSub">
         <dictionary>
          <string role="key" value="extensiontype_"></string>
          <none></none>
          <string role="key" value="string"></string>
          <list></list>
          <string role="key" value="uniqueElementName"></string>
          <string value="source"></string>
          <string role="key" value="valueOf_"></string>
          <string value="LOMv1.0"></string>
         </dictionary>
        </instance>
        <string role="key" value="uniqueElementName"></string>
        <string value="copyrightAndOtherRestrictions"></string>
        <string role="key" value="value"></string>
        <instance class="exe.engine.lom.lomsubs.copyrightAndOtherRestrictionsValueSub">
         <dictionary>
          <string role="key" value="extensiontype_"></string>
          <none></none>
          <string role="key" value="source"></string>
          <none></none>
          <string role="key" value="uniqueElementName"></string>
          <string value="value"></string>
          <string role="key" value="value"></string>
          <none></none>
          <string role="key" value="valueOf_"></string>
          <string value="yes"></string>
         </dictionary>
        </instance>
       </dictionary>
      </instance>
      <string role="key" value="cost"></string>
      <none></none>
      <string role="key" value="description"></string>
      <none></none>
      <string role="key" value="uniqueElementName"></string>
      <none></none>
     </dictionary>
    </instance>
    <string role="key" value="technical"></string>
    <none></none>
   </dictionary>
  </instance>
  <string role="key" value="lomEs"></string>
  <instance class="exe.engine.lom.lomsubs.lomSub">
   <dictionary>
    <string role="key" value="__index__"></string>
    <dictionary></dictionary>
    <string role="key" value="__oldchild__"></string>
    <none></none>
    <string role="key" value="annotation"></string>
    <list></list>
    <string role="key" value="classification"></string>
    <list></list>
    <string role="key" value="educational"></string>
    <list>
     <instance class="exe.engine.lom.lomsubs.educationalSub">
      <dictionary>
       <string role="key" value="cognitiveProcess"></string>
       <list></list>
       <string role="key" value="context"></string>
       <list></list>
       <string role="key" value="description"></string>
       <list></list>
       <string role="key" value="difficulty"></string>
       <none></none>
       <string role="key" value="intendedEndUserRole"></string>
       <list></list>
       <string role="key" value="interactivityLevel"></string>
       <none></none>
       <string role="key" value="interactivityType"></string>
       <none></none>
       <string role="key" value="language"></string>
       <list>
        <instance class="exe.engine.lom.lomsubs.LanguageIdSub">
         <dictionary>
          <string role="key" value="extensiontype_"></string>
          <none></none>
          <string role="key" value="valueOf_"></string>
          <string value="es"></string>
         </dictionary>
        </instance>
       </list>
       <string role="key" value="learningResourceType"></string>
       <list></list>
       <string role="key" value="semanticDensity"></string>
       <none></none>
       <string role="key" value="typicalAgeRange"></string>
       <list></list>
       <string role="key" value="typicalLearningTime"></string>
       <none></none>
      </dictionary>
     </instance>
    </list>
    <string role="key" value="general"></string>
    <instance class="exe.engine.lom.lomsubs.generalSub">
     <dictionary>
      <string role="key" value="aggregationLevel"></string>
      <instance class="exe.engine.lom.lomsubs.aggregationLevelSub">
       <dictionary>
        <string role="key" value="extensiontype_"></string>
        <none></none>
        <string role="key" value="source"></string>
        <instance class="exe.engine.lom.lomsubs.sourceValueSub">
         <dictionary>
          <string role="key" value="extensiontype_"></string>
          <none></none>
          <string role="key" value="string"></string>
          <list></list>
          <string role="key" value="uniqueElementName"></string>
          <string value="source"></string>
          <string role="key" value="valueOf_"></string>
          <string value="LOM-ESv1.0"></string>
         </dictionary>
        </instance>
        <string role="key" value="uniqueElementName"></string>
        <string value="aggregationLevel"></string>
        <string role="key" value="value"></string>
        <instance class="exe.engine.lom.lomsubs.aggregationLevelValueSub">
         <dictionary>
          <string role="key" value="extensiontype_"></string>
          <none></none>
          <string role="key" value="source"></string>
          <none></none>
          <string role="key" value="uniqueElementName"></string>
          <string value="value"></string>
          <string role="key" value="value"></string>
          <none></none>
          <string role="key" value="valueOf_"></string>
          <string value="2"></string>
         </dictionary>
        </instance>
       </dictionary>
      </instance>
      <string role="key" value="coverage"></string>
      <list></list>
      <string role="key" value="description"></string>
      <list>
       <instance class="exe.engine.lom.lomsubs.descriptionSub">
        <dictionary>
         <string role="key" value="extensiontype_"></string>
         <none></none>
         <string role="key" value="string"></string>
         <list>
          <instance class="exe.engine.lom.lomsubs.LangStringSub">
           <dictionary>
            <string role="key" value="language"></string>
            <string value="es"></string>
            <string role="key" value="valueOf_"></string>
            <string value="Gymkhana interactiva"></string>
           </dictionary>
          </instance>
         </list>
        </dictionary>
       </instance>
      </list>
      <string role="key" value="identifier"></string>
      <list>
       <instance class="exe.engine.lom.lomsubs.identifierSub">
        <dictionary>
         <string role="key" value="catalog"></string>
         <instance class="exe.engine.lom.lomsubs.catalogSub">
          <dictionary>
           <string role="key" value="uniqueElementName"></string>
           <string value="catalog"></string>
           <string role="key" value="valueOf_"></string>
           <unicode value="My Catalog"></unicode>
          </dictionary>
         </instance>
         <string role="key" value="entry"></string>
         <instance class="exe.engine.lom.lomsubs.entrySub">
          <dictionary>
           <string role="key" value="uniqueElementName"></string>
           <string value="entry"></string>
           <string role="key" value="valueOf_"></string>
           <unicode value="4a7d755e-34a5-410a-a7d4-601881136623"></unicode>
          </dictionary>
         </instance>
        </dictionary>
       </instance>
      </list>
      <string role="key" value="keyword"></string>
      <list></list>
      <string role="key" value="language"></string>
      <list>
       <instance class="exe.engine.lom.lomsubs.LanguageIdSub">
        <dictionary>
         <string role="key" value="extensiontype_"></string>
         <none></none>
         <string role="key" value="valueOf_"></string>
         <string value="es"></string>
        </dictionary>
       </instance>
      </list>
      <string role="key" value="structure"></string>
      <none></none>
      <string role="key" value="title"></string>
      <instance class="exe.engine.lom.lomsubs.titleSub">
       <dictionary>
        <string role="key" value="extensiontype_"></string>
        <none></none>
        <string role="key" value="string"></string>
        <list>
         <instance class="exe.engine.lom.lomsubs.LangStringSub">
          <dictionary>
           <string role="key" value="language"></string>
           <string value="es"></string>
           <string role="key" value="valueOf_"></string>
           <string value="Gymkhana"></string>
          </dictionary>
         </instance>
        </list>
        <string role="key" value="uniqueElementName"></string>
        <none></none>
       </dictionary>
      </instance>
      <string role="key" value="uniqueElementName"></string>
      <string value="general"></string>
     </dictionary>
    </instance>
    <string role="key" value="lifeCycle"></string>
    <instance class="exe.engine.lom.lomsubs.lifeCycleSub">
     <dictionary>
      <string role="key" value="contribute"></string>
      <list>
       <instance class="exe.engine.lom.lomsubs.contributeSub">
        <dictionary>
         <string role="key" value="date"></string>
         <instance class="exe.engine.lom.lomsubs.dateSub">
          <dictionary>
           <string role="key" value="dateTime"></string>
           <instance class="exe.engine.lom.lomsubs.DateTimeValueSub">
            <dictionary>
             <string role="key" value="uniqueElementName"></string>
             <string value="dateTime"></string>
             <string role="key" value="valueOf_"></string>
             <string value="2025-05-23T10:49:54.00+02:00"></string>
            </dictionary>
           </instance>
           <string role="key" value="description"></string>
           <instance class="exe.engine.lom.lomsubs.LanguageStringSub">
            <dictionary>
             <string role="key" value="extensiontype_"></string>
             <none></none>
             <string role="key" value="string"></string>
             <list>
              <instance class="exe.engine.lom.lomsubs.LangStringSub">
               <dictionary>
                <string role="key" value="language"></string>
                <string value="es"></string>
                <string role="key" value="valueOf_"></string>
                <string value="Fecha de creaci\xc3\xb3n de los metadatos"></string>
               </dictionary>
              </instance>
             </list>
            </dictionary>
           </instance>
           <string role="key" value="extensiontype_"></string>
           <none></none>
           <string role="key" value="uniqueElementName"></string>
           <none></none>
           <string role="key" value="valueOf_"></string>
           <none></none>
          </dictionary>
         </instance>
         <string role="key" value="entity"></string>
         <list>
          <instance class="exe.engine.lom.lomsubs.entitySub">
           <dictionary>
            <string role="key" value="extensiontype_"></string>
            <none></none>
            <string role="key" value="valueOf_"></string>
            <string value="BEGIN:VCARD VERSION:3.0 FN:CEPA EMAIL;TYPE=INTERNET: ORG: END:VCARD"></string>
           </dictionary>
          </instance>
         </list>
         <string role="key" value="role"></string>
         <instance class="exe.engine.lom.lomsubs.roleSub">
          <dictionary>
           <string role="key" value="extensiontype_"></string>
           <none></none>
           <string role="key" value="source"></string>
           <instance class="exe.engine.lom.lomsubs.sourceValueSub">
            <dictionary>
             <string role="key" value="extensiontype_"></string>
             <none></none>
             <string role="key" value="string"></string>
             <list></list>
             <string role="key" value="uniqueElementName"></string>
             <string value="source"></string>
             <string role="key" value="valueOf_"></string>
             <string value="LOM-ESv1.0"></string>
            </dictionary>
           </instance>
           <string role="key" value="uniqueElementName"></string>
           <string value="role"></string>
           <string role="key" value="value"></string>
           <instance class="exe.engine.lom.lomsubs.roleValueSub">
            <dictionary>
             <string role="key" value="extensiontype_"></string>
             <none></none>
             <string role="key" value="source"></string>
             <none></none>
             <string role="key" value="uniqueElementName"></string>
             <string value="value"></string>
             <string role="key" value="value"></string>
             <none></none>
             <string role="key" value="valueOf_"></string>
             <string value="author"></string>
            </dictionary>
           </instance>
          </dictionary>
         </instance>
        </dictionary>
       </instance>
      </list>
      <string role="key" value="status"></string>
      <none></none>
      <string role="key" value="uniqueElementName"></string>
      <none></none>
      <string role="key" value="version"></string>
      <none></none>
     </dictionary>
    </instance>
    <string role="key" value="metaMetadata"></string>
    <instance class="exe.engine.lom.lomsubs.metaMetadataSub">
     <dictionary>
      <string role="key" value="contribute"></string>
      <list>
       <instance class="exe.engine.lom.lomsubs.contributeMetaSub">
        <dictionary>
         <string role="key" value="date"></string>
         <instance class="exe.engine.lom.lomsubs.dateSub">
          <dictionary>
           <string role="key" value="dateTime"></string>
           <instance class="exe.engine.lom.lomsubs.DateTimeValueSub">
            <dictionary>
             <string role="key" value="uniqueElementName"></string>
             <string value="dateTime"></string>
             <string role="key" value="valueOf_"></string>
             <string value="2025-05-23T10:48:42.00+02:00"></string>
            </dictionary>
           </instance>
           <string role="key" value="description"></string>
           <instance class="exe.engine.lom.lomsubs.LanguageStringSub">
            <dictionary>
             <string role="key" value="extensiontype_"></string>
             <none></none>
             <string role="key" value="string"></string>
             <list>
              <instance class="exe.engine.lom.lomsubs.LangStringSub">
               <dictionary>
                <string role="key" value="language"></string>
                <string value="es"></string>
                <string role="key" value="valueOf_"></string>
                <string value="Fecha de creaci\xc3\xb3n de los metadatos"></string>
               </dictionary>
              </instance>
             </list>
            </dictionary>
           </instance>
           <string role="key" value="extensiontype_"></string>
           <none></none>
           <string role="key" value="uniqueElementName"></string>
           <none></none>
           <string role="key" value="valueOf_"></string>
           <none></none>
          </dictionary>
         </instance>
         <string role="key" value="entity"></string>
         <list>
          <instance class="exe.engine.lom.lomsubs.entitySub">
           <dictionary>
            <string role="key" value="extensiontype_"></string>
            <none></none>
            <string role="key" value="valueOf_"></string>
            <string value="BEGIN:VCARD VERSION:3.0 FN:CEPA EMAIL;TYPE=INTERNET: ORG: END:VCARD"></string>
           </dictionary>
          </instance>
         </list>
         <string role="key" value="role"></string>
         <instance class="exe.engine.lom.lomsubs.roleSub">
          <dictionary>
           <string role="key" value="extensiontype_"></string>
           <none></none>
           <string role="key" value="source"></string>
           <instance class="exe.engine.lom.lomsubs.sourceValueSub">
            <dictionary>
             <string role="key" value="extensiontype_"></string>
             <none></none>
             <string role="key" value="string"></string>
             <list></list>
             <string role="key" value="uniqueElementName"></string>
             <string value="source"></string>
             <string role="key" value="valueOf_"></string>
             <string value="LOM-ESv1.0"></string>
            </dictionary>
           </instance>
           <string role="key" value="uniqueElementName"></string>
           <string value="role"></string>
           <string role="key" value="value"></string>
           <instance class="exe.engine.lom.lomsubs.roleValueSub">
            <dictionary>
             <string role="key" value="extensiontype_"></string>
             <none></none>
             <string role="key" value="source"></string>
             <none></none>
             <string role="key" value="uniqueElementName"></string>
             <string value="value"></string>
             <string role="key" value="value"></string>
             <none></none>
             <string role="key" value="valueOf_"></string>
             <string value="creator"></string>
            </dictionary>
           </instance>
          </dictionary>
         </instance>
        </dictionary>
       </instance>
      </list>
      <string role="key" value="identifier"></string>
      <list></list>
      <string role="key" value="language"></string>
      <instance class="exe.engine.lom.lomsubs.LanguageIdSub">
       <dictionary>
        <string role="key" value="extensiontype_"></string>
        <none></none>
        <string role="key" value="valueOf_"></string>
        <string value="es"></string>
       </dictionary>
      </instance>
      <string role="key" value="metadataSchema"></string>
      <list>
       <instance class="exe.engine.lom.lomsubs.metadataSchemaSub">
        <dictionary>
         <string role="key" value="valueOf_"></string>
         <string value="LOM-ESv1.0"></string>
        </dictionary>
       </instance>
      </list>
      <string role="key" value="uniqueElementName"></string>
      <string value="metaMetadata"></string>
     </dictionary>
    </instance>
    <string role="key" value="relation"></string>
    <list></list>
    <string role="key" value="rights"></string>
    <instance class="exe.engine.lom.lomsubs.rightsSub">
     <dictionary>
      <string role="key" value="access"></string>
      <instance class="exe.engine.lom.lomsubs.accessSub">
       <dictionary>
        <string role="key" value="accessType"></string>
        <instance class="exe.engine.lom.lomsubs.accessTypeSub">
         <dictionary>
          <string role="key" value="extensiontype_"></string>
          <none></none>
          <string role="key" value="source"></string>
          <instance class="exe.engine.lom.lomsubs.sourceValueSub">
           <dictionary>
            <string role="key" value="extensiontype_"></string>
            <none></none>
            <string role="key" value="string"></string>
            <list></list>
            <string role="key" value="uniqueElementName"></string>
            <string value="source"></string>
            <string role="key" value="valueOf_"></string>
            <string value="LOM-ESv1.0"></string>
           </dictionary>
          </instance>
          <string role="key" value="uniqueElementName"></string>
          <string value="accessType"></string>
          <string role="key" value="value"></string>
          <instance class="exe.engine.lom.lomsubs.accessTypeValueSub">
           <dictionary>
            <string role="key" value="extensiontype_"></string>
            <none></none>
            <string role="key" value="source"></string>
            <none></none>
            <string role="key" value="uniqueElementName"></string>
            <string value="value"></string>
            <string role="key" value="value"></string>
            <none></none>
            <string role="key" value="valueOf_"></string>
            <string value="universal"></string>
           </dictionary>
          </instance>
         </dictionary>
        </instance>
        <string role="key" value="description"></string>
        <instance class="exe.engine.lom.lomsubs.LanguageStringSub">
         <dictionary>
          <string role="key" value="extensiontype_"></string>
          <none></none>
          <string role="key" value="string"></string>
          <list>
           <instance class="exe.engine.lom.lomsubs.LangStringSub">
            <dictionary>
             <string role="key" value="language"></string>
             <string value="en"></string>
             <string role="key" value="valueOf_"></string>
             <unicode value="Default"></unicode>
            </dictionary>
           </instance>
          </list>
         </dictionary>
        </instance>
        <string role="key" value="uniqueElementName"></string>
        <string value="access"></string>
       </dictionary>
      </instance>
      <string role="key" value="copyrightAndOtherRestrictions"></string>
      <instance class="exe.engine.lom.lomsubs.copyrightAndOtherRestrictionsSub">
       <dictionary>
        <string role="key" value="extensiontype_"></string>
        <none></none>
        <string role="key" value="source"></string>
        <instance class="exe.engine.lom.lomsubs.sourceValueSub">
         <dictionary>
          <string role="key" value="extensiontype_"></string>
          <none></none>
          <string role="key" value="string"></string>
          <list></list>
          <string role="key" value="uniqueElementName"></string>
          <string value="source"></string>
          <string role="key" value="valueOf_"></string>
          <string value="LOM-ESv1.0"></string>
         </dictionary>
        </instance>
        <string role="key" value="uniqueElementName"></string>
        <string value="copyrightAndOtherRestrictions"></string>
        <string role="key" value="value"></string>
        <instance class="exe.engine.lom.lomsubs.copyrightAndOtherRestrictionsValueSub">
         <dictionary>
          <string role="key" value="extensiontype_"></string>
          <none></none>
          <string role="key" value="source"></string>
          <none></none>
          <string role="key" value="uniqueElementName"></string>
          <string value="value"></string>
          <string role="key" value="value"></string>
          <none></none>
          <string role="key" value="valueOf_"></string>
          <string value="creative commons: attribution - share alike"></string>
         </dictionary>
        </instance>
       </dictionary>
      </instance>
      <string role="key" value="cost"></string>
      <none></none>
      <string role="key" value="description"></string>
      <none></none>
      <string role="key" value="uniqueElementName"></string>
      <string value="rights"></string>
     </dictionary>
    </instance>
    <string role="key" value="technical"></string>
    <none></none>
   </dictionary>
  </instance>
  <string role="key" value="mxmlforcemediaonly"></string>
  <bool value="0"></bool>
  <string role="key" value="mxmlheight"></string>
  <string value=""></string>
  <string role="key" value="mxmlprofilelist"></string>
  <string value=""></string>
  <string role="key" value="mxmlwidth"></string>
  <string value=""></string>
  <string role="key" value="release"></string>
  <string value="2.9"></string>
  <string role="key" value="resources"></string>
  <dictionary>
   <string role="key" value="e283026ea4f4c86491c91ec1247e4d6d"></string>
   <list>
    <reference key="8"></reference>
    <reference key="9"></reference>
   </list>
  </dictionary>
  <string role="key" value="root"></string>
  <reference key="3"></reference>
  <string role="key" value="scolinks"></string>
  <bool value="0"></bool>
  <string role="key" value="scowsinglepage"></string>
  <bool value="0"></bool>
  <string role="key" value="scowwebsite"></string>
  <bool value="0"></bool>
  <string role="key" value="style"></string>
  <unicode value="INTEF"></unicode>
  <string role="key" value="sugaractivityname"></string>
  <string value=""></string>
  <string role="key" value="sugarservicename"></string>
  <string value=""></string>
  <string role="key" value="tempFile"></string>
  <bool value="0"></bool>
 </dictionary>
</instance>